{"cameraMode":{"drawMode":0,"name":"Shaded","section":"Shading Mode"},"sceneLighting":true,"audioPlay":false,"sceneViewState":{"showFog":true,"showMaterialUpdate":false,"showSkybox":true,"showFlares":true,"showImageEffects":true,"showParticleSystems":true},"in2DMode":false,"pivot":{"x":19.366849899291993,"y":2.555440902709961,"z":7.7950615882873539},"rotation":{"x":-0.13587932288646699,"y":0.8089174032211304,"z":-0.20595642924308778,"w":-0.5336817502975464},"size":5.885986804962158,"orthographic":false}